{"gradients/v.v_net.4.bias": {"_type": "histogram", "values": [0.0, 0.0, 0.0, 0.0, 0.0, 0.0, 0.0, 0.0, 0.0, 0.0, 0.0, 0.0, 0.0, 0.0, 0.0, 0.0, 0.0, 0.0, 0.0, 0.0, 0.0, 0.0, 0.0, 0.0, 0.0, 0.0, 0.0, 0.0, 0.0, 0.0, 0.0, 0.0, 1.0, 0.0, 0.0, 0.0, 0.0, 0.0, 0.0, 0.0, 0.0, 0.0, 0.0, 0.0, 0.0, 0.0, 0.0, 0.0, 0.0, 0.0, 0.0, 0.0, 0.0, 0.0, 0.0, 0.0, 0.0, 0.0, 0.0, 0.0, 0.0, 0.0, 0.0, 0.0], "bins": [-0.5067519545555115, -0.5067519545555115, -0.5067519545555115, -0.5067519545555115, -0.5067519545555115, -0.5067519545555115, -0.5067519545555115, -0.5067519545555115, -0.5067519545555115, -0.5067519545555115, -0.5067519545555115, -0.5067519545555115, -0.5067519545555115, -0.5067519545555115, -0.5067519545555115, -0.5067519545555115, -0.5067519545555115, -0.5067519545555115, -0.5067519545555115, -0.5067519545555115, -0.5067519545555115, -0.5067519545555115, -0.5067519545555115, -0.5067519545555115, -0.5067519545555115, -0.5067519545555115, -0.5067519545555115, -0.5067519545555115, -0.5067519545555115, -0.5067519545555115, -0.5067519545555115, -0.5067519545555115, -0.5067519545555115, -0.5067519545555115, -0.5067519545555115, -0.5067519545555115, -0.5067519545555115, -0.5067519545555115, -0.5067519545555115, -0.5067519545555115, -0.5067519545555115, -0.5067519545555115, -0.5067519545555115, -0.5067519545555115, -0.5067519545555115, -0.5067519545555115, -0.5067519545555115, -0.5067519545555115, -0.5067519545555115, -0.5067519545555115, -0.5067519545555115, -0.5067519545555115, -0.5067519545555115, -0.5067519545555115, -0.5067519545555115, -0.5067519545555115, -0.5067519545555115, -0.5067519545555115, -0.5067519545555115, -0.5067519545555115, -0.5067519545555115, -0.5067519545555115, -0.5067519545555115, -0.5067519545555115, -0.5067519545555115]}, "_timestamp": 1651123057, "_runtime": 112, "gradients/v.v_net.4.weight": {"_type": "histogram", "values": [1.0, 0.0, 2.0, 0.0, 0.0, 1.0, 1.0, 1.0, 1.0, 4.0, 3.0, 2.0, 6.0, 5.0, 3.0, 3.0, 3.0, 4.0, 4.0, 5.0, 10.0, 5.0, 8.0, 7.0, 7.0, 7.0, 6.0, 7.0, 4.0, 7.0, 6.0, 2.0, 0.0, 2.0, 8.0, 2.0, 6.0, 5.0, 5.0, 4.0, 9.0, 7.0, 8.0, 7.0, 2.0, 5.0, 7.0, 7.0, 8.0, 1.0, 3.0, 7.0, 5.0, 6.0, 5.0, 3.0, 2.0, 2.0, 0.0, 2.0, 2.0, 0.0, 0.0, 1.0], "bins": [-0.3097023665904999, -0.3006156384944916, -0.2915289103984833, -0.282442182302475, -0.27335548400878906, -0.26426875591278076, -0.25518202781677246, -0.24609529972076416, -0.23700857162475586, -0.22792184352874756, -0.21883511543273926, -0.20974840223789215, -0.20066167414188385, -0.19157494604587555, -0.18248823285102844, -0.17340150475502014, -0.16431477665901184, -0.15522804856300354, -0.14614132046699524, -0.13705460727214813, -0.12796787917613983, -0.11888115108013153, -0.10979443043470383, -0.10070770978927612, -0.09162098169326782, -0.08253425359725952, -0.07344753295183182, -0.06436081230640411, -0.05527408421039581, -0.04618735983967781, -0.03710063546895981, -0.028013914823532104, -0.018927156925201416, -0.009840432554483414, -0.0007537081837654114, 0.008333016186952591, 0.017419740557670593, 0.026506464928388596, 0.0355931892991066, 0.0446799099445343, 0.0537666380405426, 0.0628533661365509, 0.07194008678197861, 0.08102680742740631, 0.09011353552341461, 0.09920026361942291, 0.10828698426485062, 0.11737370491027832, 0.12646043300628662, 0.13554716110229492, 0.14463388919830322, 0.15372060239315033, 0.16280733048915863, 0.17189405858516693, 0.18098077178001404, 0.19006749987602234, 0.19915422797203064, 0.20824095606803894, 0.21732768416404724, 0.22641439735889435, 0.23550112545490265, 0.24458785355091095, 0.25367456674575806, 0.26276129484176636, 0.27184802293777466]}, "gradients/v.v_net.2.bias": {"_type": "histogram", "values": [1.0, 3.0, 1.0, 3.0, 2.0, 5.0, 1.0, 3.0, 3.0, 3.0, 7.0, 5.0, 6.0, 3.0, 2.0, 0.0, 6.0, 8.0, 3.0, 1.0, 4.0, 5.0, 2.0, 4.0, 5.0, 6.0, 1.0, 8.0, 10.0, 6.0, 2.0, 1.0, 5.0, 10.0, 5.0, 6.0, 2.0, 3.0, 5.0, 1.0, 3.0, 2.0, 2.0, 5.0, 7.0, 4.0, 1.0, 4.0, 1.0, 1.0, 8.0, 7.0, 7.0, 7.0, 1.0, 4.0, 8.0, 8.0, 3.0, 5.0, 4.0, 3.0, 2.0, 2.0], "bins": [-0.027898967266082764, -0.027018990367650986, -0.026139015331864357, -0.02525903843343258, -0.02437906339764595, -0.023499086499214172, -0.022619109600782394, -0.021739132702350616, -0.020859157666563988, -0.01997918076813221, -0.01909920573234558, -0.018219228833913803, -0.017339251935482025, -0.016459276899695396, -0.015579300001263618, -0.014699324034154415, -0.013819348067045212, -0.012939372099936008, -0.012059396132826805, -0.011179419234395027, -0.010299443267285824, -0.00941946730017662, -0.008539490401744843, -0.007659514434635639, -0.006779538467526436, -0.0058995625004172325, -0.005019586067646742, -0.004139609634876251, -0.003259633667767048, -0.0023796577006578445, -0.001499681267887354, -0.0006197048351168633, 0.0002602729946374893, 0.0011402491945773363, 0.0020202253945171833, 0.0029002015944570303, 0.0037801777943968773, 0.004660153761506081, 0.005540130194276571, 0.006420106627047062, 0.007300082594156265, 0.008180058561265469, 0.009060034528374672, 0.00994001142680645, 0.010819987393915653, 0.011699963361024857, 0.012579940259456635, 0.013459916226565838, 0.014339892193675041, 0.015219868160784245, 0.016099844127893448, 0.016979821026325226, 0.017859797924757004, 0.018739772960543633, 0.01961974985897541, 0.02049972489476204, 0.021379701793193817, 0.022259678691625595, 0.023139653727412224, 0.024019630625844002, 0.02489960566163063, 0.02577958256006241, 0.026659559458494186, 0.027539536356925964, 0.028419511392712593]}, "gradients/v.v_net.2.weight": {"_type": "histogram", "values": [4.0, 0.0, 9.0, 8.0, 15.0, 20.0, 24.0, 37.0, 46.0, 50.0, 70.0, 99.0, 127.0, 179.0, 200.0, 220.0, 262.0, 261.0, 375.0, 427.0, 465.0, 509.0, 653.0, 713.0, 783.0, 1031.0, 1218.0, 1702.0, 2223.0, 3355.0, 4655.0, 7776.0, 12752.0, 6774.0, 4276.0, 3250.0, 2109.0, 1601.0, 1191.0, 958.0, 748.0, 702.0, 609.0, 495.0, 450.0, 387.0, 326.0, 292.0, 189.0, 197.0, 170.0, 145.0, 106.0, 71.0, 75.0, 40.0, 28.0, 22.0, 22.0, 12.0, 13.0, 5.0, 3.0, 2.0], "bins": [-0.019257105886936188, -0.01866265945136547, -0.018068213015794754, -0.017473766580224037, -0.01687932014465332, -0.016284873709082603, -0.015690427273511887, -0.01509598083794117, -0.014501534402370453, -0.013907087966799736, -0.01331264153122902, -0.012718195095658302, -0.012123748660087585, -0.011529302224516869, -0.010934855788946152, -0.010340409353375435, -0.009745961986482143, -0.009151515550911427, -0.00855706911534071, -0.007962622679769993, -0.007368176244199276, -0.006773729808628559, -0.006179282907396555, -0.005584836471825838, -0.004990390036255121, -0.004395943600684404, -0.0038014971651136875, -0.003207050496712327, -0.00261260406114161, -0.0020181576255708933, -0.0014237109571695328, -0.0008292645215988159, -0.00023481808602809906, 0.0003596284077502787, 0.0009540749015286565, 0.0015485214535146952, 0.002142967889085412, 0.002737414324656129, 0.0033318609930574894, 0.003926307428628206, 0.004520753864198923, 0.00511520029976964, 0.005709646735340357, 0.006304093636572361, 0.006898540072143078, 0.007492986507713795, 0.008087432943284512, 0.008681879378855228, 0.009276325814425945, 0.009870772249996662, 0.010465218685567379, 0.011059665121138096, 0.011654111556708813, 0.01224855799227953, 0.012843005359172821, 0.013437451794743538, 0.014031898230314255, 0.014626344665884972, 0.015220791101455688, 0.015815237537026405, 0.016409683972597122, 0.01700413040816784, 0.017598576843738556, 0.018193023279309273, 0.01878746971487999]}, "gradients/v.v_net.0.bias": {"_type": "histogram", "values": [1.0, 0.0, 0.0, 0.0, 1.0, 0.0, 0.0, 0.0, 0.0, 0.0, 0.0, 1.0, 0.0, 0.0, 1.0, 0.0, 1.0, 1.0, 1.0, 1.0, 2.0, 2.0, 3.0, 3.0, 1.0, 2.0, 10.0, 14.0, 15.0, 12.0, 20.0, 10.0, 13.0, 8.0, 12.0, 6.0, 10.0, 9.0, 3.0, 7.0, 5.0, 10.0, 9.0, 6.0, 13.0, 3.0, 10.0, 5.0, 4.0, 4.0, 2.0, 3.0, 3.0, 3.0, 2.0, 0.0, 0.0, 0.0, 1.0, 0.0, 0.0, 0.0, 2.0, 1.0],