{"gradients/v.v_net.4.bias": {"_type": "histogram", "values": [0.0, 0.0, 0.0, 0.0, 0.0, 0.0, 0.0, 0.0, 0.0, 0.0, 0.0, 0.0, 0.0, 0.0, 0.0, 0.0, 0.0, 0.0, 0.0, 0.0, 0.0, 0.0, 0.0, 0.0, 0.0, 0.0, 0.0, 0.0, 0.0, 0.0, 0.0, 0.0, 1.0, 0.0, 0.0, 0.0, 0.0, 0.0, 0.0, 0.0, 0.0, 0.0, 0.0, 0.0, 0.0, 0.0, 0.0, 0.0, 0.0, 0.0, 0.0, 0.0, 0.0, 0.0, 0.0, 0.0, 0.0, 0.0, 0.0, 0.0, 0.0, 0.0, 0.0, 0.0], "bins": [0.24852925539016724, 0.24852925539016724, 0.24852925539016724, 0.24852925539016724, 0.24852925539016724, 0.24852925539016724, 0.24852925539016724, 0.24852925539016724, 0.24852925539016724, 0.24852925539016724, 0.24852925539016724, 0.24852925539016724, 0.24852925539016724, 0.24852925539016724, 0.24852925539016724, 0.24852925539016724, 0.24852925539016724, 0.24852925539016724, 0.24852925539016724, 0.24852925539016724, 0.24852925539016724, 0.24852925539016724, 0.24852925539016724, 0.24852925539016724, 0.24852925539016724, 0.24852925539016724, 0.24852925539016724, 0.24852925539016724, 0.24852925539016724, 0.24852925539016724, 0.24852925539016724, 0.24852925539016724, 0.24852925539016724, 0.24852925539016724, 0.24852925539016724, 0.24852925539016724, 0.24852925539016724, 0.24852925539016724, 0.24852925539016724, 0.24852925539016724, 0.24852925539016724, 0.24852925539016724, 0.24852925539016724, 0.24852925539016724, 0.24852925539016724, 0.24852925539016724, 0.24852925539016724, 0.24852925539016724, 0.24852925539016724, 0.24852925539016724, 0.24852925539016724, 0.24852925539016724, 0.24852925539016724, 0.24852925539016724, 0.24852925539016724, 0.24852925539016724, 0.24852925539016724, 0.24852925539016724, 0.24852925539016724, 0.24852925539016724, 0.24852925539016724, 0.24852925539016724, 0.24852925539016724, 0.24852925539016724, 0.24852925539016724]}, "_timestamp": 1651123057, "_runtime": 112, "gradients/v.v_net.4.weight": {"_type": "histogram", "values": [1.0, 0.0, 0.0, 0.0, 0.0, 0.0, 2.0, 2.0, 2.0, 4.0, 4.0, 5.0, 5.0, 5.0, 4.0, 5.0, 4.0, 8.0, 6.0, 4.0, 7.0, 7.0, 7.0, 7.0, 6.0, 1.0, 9.0, 3.0, 6.0, 9.0, 4.0, 4.0, 3.0, 4.0, 7.0, 7.0, 6.0, 8.0, 5.0, 4.0, 7.0, 8.0, 7.0, 8.0, 6.0, 4.0, 4.0, 2.0, 2.0, 2.0, 8.0, 6.0, 7.0, 2.0, 1.0, 0.0, 1.0, 3.0, 0.0, 1.0, 0.0, 1.0, 0.0, 1.0], "bins": [-0.15943631529808044, -0.15427547693252563, -0.14911463856697083, -0.14395380020141602, -0.1387929618358612, -0.1336321234703064, -0.1284712851047516, -0.12331044673919678, -0.11814960837364197, -0.11298877000808716, -0.10782793164253235, -0.10266709327697754, -0.09750625491142273, -0.09234541654586792, -0.08718457818031311, -0.0820237398147583, -0.07686290144920349, -0.07170206308364868, -0.06654122471809387, -0.06138038635253906, -0.05621954798698425, -0.05105870962142944, -0.045897871255874634, -0.040737032890319824, -0.035576194524765015, -0.030415356159210205, -0.025254517793655396, -0.020093679428100586, -0.014932841062545776, -0.009772002696990967, -0.004611164331436157, 0.0005496740341186523, 0.005710527300834656, 0.010871365666389465, 0.016032204031944275, 0.021193042397499084, 0.026353880763053894, 0.031514719128608704, 0.03667555749416351, 0.04183639585971832, 0.04699723422527313, 0.05215807259082794, 0.05731891095638275, 0.06247974932193756, 0.06764058768749237, 0.07280142605304718, 0.07796226441860199, 0.0831231027841568, 0.08828394114971161, 0.09344477951526642, 0.09860561788082123, 0.10376645624637604, 0.10892729461193085, 0.11408813297748566, 0.11924897134304047, 0.12440980970859528, 0.12957064807415009, 0.1347314864397049, 0.1398923248052597, 0.14505316317081451, 0.15021400153636932, 0.15537483990192413, 0.16053567826747894, 0.16569651663303375, 0.17085735499858856]}, "gradients/v.v_net.2.bias": {"_type": "histogram", "values": [2.0, 2.0, 4.0, 3.0, 4.0, 3.0, 5.0, 11.0, 5.0, 1.0, 6.0, 7.0, 8.0, 8.0, 1.0, 1.0, 3.0, 2.0, 4.0, 7.0, 4.0, 3.0, 2.0, 3.0, 1.0, 5.0, 3.0, 2.0, 7.0, 4.0, 12.0, 3.0, 1.0, 2.0, 6.0, 11.0, 7.0, 2.0, 6.0, 5.0, 3.0, 2.0, 5.0, 4.0, 1.0, 5.0, 6.0, 5.0, 1.0, 3.0, 3.0, 6.0, 5.0, 4.0, 6.0, 3.0, 2.0, 3.0, 3.0, 3.0, 2.0, 1.0, 3.0, 1.0], "bins": [-0.013925138860940933, -0.013493446633219719, -0.01306175533682108, -0.012630063109099865, -0.012198371812701225, -0.011766679584980011, -0.011334987357258797, -0.010903295129537582, -0.010471603833138943, -0.010039911605417728, -0.009608220309019089, -0.009176528081297874, -0.00874483585357666, -0.00831314455717802, -0.007881452329456806, -0.007449760567396879, -0.007018068805336952, -0.006586377043277025, -0.006154685281217098, -0.005722993053495884, -0.005291301291435957, -0.00485960952937603, -0.004427917301654816, -0.003996225539594889, -0.0035645337775349617, -0.0031328420154750347, -0.002701150020584464, -0.0022694580256938934, -0.0018377662636339664, -0.0014060745015740395, -0.0009743825066834688, -0.0005426905117928982, -0.00011099874973297119, 0.0003206931287422776, 0.0007523850072175264, 0.0011840768856927752, 0.001615768764168024, 0.002047460526227951, 0.0024791525211185217, 0.0029108445160090923, 0.0033425362780690193, 0.0037742280401289463, 0.004205919802188873, 0.004637612029910088, 0.005069303791970015, 0.0055009955540299416, 0.005932687781751156, 0.006364379543811083, 0.00679607130587101, 0.007227763067930937, 0.007659454829990864, 0.008091147057712078, 0.008522838354110718, 0.008954530581831932, 0.009386222809553146, 0.00981791503727436, 0.010249606333673, 0.010681298561394215, 0.011112989857792854, 0.011544682085514069, 0.011976374313235283, 0.012408065609633923, 0.012839757837355137, 0.013271449133753777, 0.01370314136147499]}, "gradients/v.v_net.2.weight": {"_type": "histogram", "values": [2.0, 6.0, 7.0, 8.0, 13.0, 25.0, 28.0, 35.0, 40.0, 52.0, 90.0, 106.0, 111.0, 147.0, 176.0, 225.0, 244.0, 284.0, 330.0, 380.0, 446.0, 596.0, 611.0, 833.0, 976.0, 1249.0, 1698.0, 2078.0, 2611.0, 3676.0, 5973.0, 12111.0, 9377.0, 5213.0, 3253.0, 2260.0, 1919.0, 1509.0, 1102.0, 888.0, 738.0, 607.0, 581.0, 468.0, 410.0, 352.0, 278.0, 236.0, 218.0, 194.0, 146.0, 137.0, 109.0, 94.0, 56.0, 57.0, 63.0, 27.0, 27.0, 15.0, 12.0, 9.0, 9.0, 5.0], "bins": [-0.010765032842755318, -0.01042704377323389, -0.010089054703712463, -0.009751064702868462, -0.009413075633347034, -0.009075086563825607, -0.008737096562981606, -0.008399107493460178, -0.008061118423938751, -0.007723129354417324, -0.00738513981923461, -0.007047150284051895, -0.006709161214530468, -0.006371172145009041, -0.006033182609826326, -0.005695193074643612, -0.005357204005122185, -0.005019214935600758, -0.004681225400418043, -0.004343235865235329, -0.0040052467957139015, -0.0036672574933618307, -0.00332926819100976, -0.002991278888657689, -0.0026532895863056183, -0.0023153002839535475, -0.0019773109816014767, -0.0016393216792494059, -0.001301332376897335, -0.0009633430745452642, -0.0006253537721931934, -0.00028736446984112263, 5.062483251094818e-05, 0.000388614134863019, 0.0007266034372150898, 0.0010645927395671606, 0.0014025820419192314, 0.0017405713442713022, 0.002078560646623373, 0.002416549948975444, 0.0027545392513275146, 0.0030925285536795855, 0.0034305178560316563, 0.003768507158383727, 0.004106496460735798, 0.004444485530257225, 0.0047824750654399395, 0.005120464600622654, 0.005458453670144081, 0.005796442739665508, 0.006134432274848223, 0.006472421810030937, 0.006810410879552364, 0.0071483999490737915, 0.007486389484256506, 0.00782437901943922, 0.008162368088960648, 0.008500357158482075, 0.008838346228003502, 0.009176336228847504, 0.00951432529836893, 0.009852314367890358, 0.01019030436873436, 0.010528293438255787, 0.010866282507777214]}, "gradients/v.v_net.0.bias": {"_type": "histogram", "values": [2.0, 1.0, 0.0, 0.0, 0.0, 0.0, 1.0, 0.0, 0.0, 1.0, 4.0, 2.0, 4.0, 1.0, 4.0, 6.0, 2.0, 9.0, 5.0, 11.0, 7.0, 7.0, 12.0, 6.0, 6.0, 4.0, 8.0, 9.0, 6.0, 13.0, 8.0, 15.0, 11.0, 19.0, 12.0, 15.0, 15.0, 8.0, 3.0, 2.0, 0.0, 5.0, 1.0, 2.0, 2.0, 0.0, 2.0, 1.0, 1.0, 0.0, 0.0, 0.0, 1.0, 0.0, 0.0, 0.0, 0.0, 0.0, 0.0, 0.0, 1.0, 0.0, 0.0, 1.0],