{"gradients/v.v_net.4.bias": {"_type": "histogram", "values": [0.0, 0.0, 0.0, 0.0, 0.0, 0.0, 0.0, 0.0, 0.0, 0.0, 0.0, 0.0, 0.0, 0.0, 0.0, 0.0, 0.0, 0.0, 0.0, 0.0, 0.0, 0.0, 0.0, 0.0, 0.0, 0.0, 0.0, 0.0, 0.0, 0.0, 0.0, 0.0, 1.0, 0.0, 0.0, 0.0, 0.0, 0.0, 0.0, 0.0, 0.0, 0.0, 0.0, 0.0, 0.0, 0.0, 0.0, 0.0, 0.0, 0.0, 0.0, 0.0, 0.0, 0.0, 0.0, 0.0, 0.0, 0.0, 0.0, 0.0, 0.0, 0.0, 0.0, 0.0], "bins": [0.17053662240505219, 0.17053662240505219, 0.17053662240505219, 0.17053662240505219, 0.17053662240505219, 0.17053662240505219, 0.17053662240505219, 0.17053662240505219, 0.17053662240505219, 0.17053662240505219, 0.17053662240505219, 0.17053662240505219, 0.17053662240505219, 0.17053662240505219, 0.17053662240505219, 0.17053662240505219, 0.17053662240505219, 0.17053662240505219, 0.17053662240505219, 0.17053662240505219, 0.17053662240505219, 0.17053662240505219, 0.17053662240505219, 0.17053662240505219, 0.17053662240505219, 0.17053662240505219, 0.17053662240505219, 0.17053662240505219, 0.17053662240505219, 0.17053662240505219, 0.17053662240505219, 0.17053662240505219, 0.17053662240505219, 0.17053662240505219, 0.17053662240505219, 0.17053662240505219, 0.17053662240505219, 0.17053662240505219, 0.17053662240505219, 0.17053662240505219, 0.17053662240505219, 0.17053662240505219, 0.17053662240505219, 0.17053662240505219, 0.17053662240505219, 0.17053662240505219, 0.17053662240505219, 0.17053662240505219, 0.17053662240505219, 0.17053662240505219, 0.17053662240505219, 0.17053662240505219, 0.17053662240505219, 0.17053662240505219, 0.17053662240505219, 0.17053662240505219, 0.17053662240505219, 0.17053662240505219, 0.17053662240505219, 0.17053662240505219, 0.17053662240505219, 0.17053662240505219, 0.17053662240505219, 0.17053662240505219, 0.17053662240505219]}, "_timestamp": 1651123057, "_runtime": 112, "gradients/v.v_net.4.weight": {"_type": "histogram", "values": [1.0, 0.0, 2.0, 0.0, 2.0, 2.0, 3.0, 7.0, 3.0, 7.0, 8.0, 2.0, 4.0, 3.0, 8.0, 6.0, 9.0, 7.0, 7.0, 4.0, 5.0, 6.0, 4.0, 6.0, 1.0, 3.0, 2.0, 6.0, 1.0, 4.0, 5.0, 0.0, 2.0, 2.0, 2.0, 1.0, 5.0, 2.0, 6.0, 5.0, 4.0, 2.0, 7.0, 9.0, 9.0, 6.0, 8.0, 7.0, 10.0, 3.0, 3.0, 4.0, 5.0, 3.0, 7.0, 4.0, 2.0, 1.0, 2.0, 1.0, 2.0, 3.0, 0.0, 1.0], "bins": [-0.09343870729207993, -0.09035538136959076, -0.08727205544710159, -0.08418872952461243, -0.08110539615154266, -0.0780220702290535, -0.07493874430656433, -0.07185541838407516, -0.068772092461586, -0.06568876653909683, -0.06260544061660767, -0.0595221109688282, -0.056438785046339035, -0.05335545912384987, -0.050272129476070404, -0.04718880355358124, -0.04410547763109207, -0.041022151708602905, -0.03793882578611374, -0.034855496138334274, -0.03177217021584511, -0.028688844293355942, -0.025605516508221626, -0.02252218872308731, -0.019438862800598145, -0.01635553687810898, -0.013272209092974663, -0.010188882239162922, -0.007105555385351181, -0.00402222853153944, -0.0009389016777276993, 0.002144426107406616, 0.0052277445793151855, 0.008311071433126926, 0.011394398286938667, 0.014477725140750408, 0.01756105199456215, 0.020644377917051315, 0.02372770570218563, 0.026811033487319946, 0.029894359409809113, 0.03297768533229828, 0.036061011254787445, 0.03914434090256691, 0.042227666825056076, 0.04531099274754524, 0.04839432239532471, 0.05147764831781387, 0.05456097424030304, 0.057644300162792206, 0.06072762608528137, 0.06381095200777054, 0.0668942779302597, 0.06997761130332947, 0.07306093722581863, 0.0761442631483078, 0.07922758907079697, 0.08231091499328613, 0.0853942409157753, 0.08847756683826447, 0.09156090021133423, 0.0946442261338234, 0.09772755205631256, 0.10081087797880173, 0.1038942039012909]}, "gradients/v.v_net.2.bias": {"_type": "histogram", "values": [2.0, 2.0, 3.0, 4.0, 3.0, 2.0, 9.0, 5.0, 8.0, 3.0, 4.0, 5.0, 11.0, 5.0, 4.0, 3.0, 0.0, 3.0, 4.0, 6.0, 6.0, 1.0, 3.0, 2.0, 2.0, 4.0, 4.0, 2.0, 5.0, 6.0, 10.0, 5.0, 1.0, 1.0, 6.0, 9.0, 8.0, 2.0, 6.0, 5.0, 5.0, 1.0, 4.0, 5.0, 2.0, 3.0, 5.0, 7.0, 2.0, 0.0, 5.0, 5.0, 7.0, 5.0, 4.0, 2.0, 3.0, 2.0, 3.0, 6.0, 1.0, 2.0, 2.0, 1.0], "bins": [-0.009148999117314816, -0.008866884745657444, -0.008584770374000072, -0.008302656002342701, -0.00802054163068533, -0.007738427259027958, -0.007456313353031874, -0.007174198981374502, -0.006892084609717131, -0.006609970238059759, -0.006327855866402388, -0.006045741494745016, -0.005763627588748932, -0.00548151321709156, -0.005199398845434189, -0.004917284473776817, -0.004635170102119446, -0.004353055730462074, -0.004070941358804703, -0.003788827219977975, -0.0035067128483206034, -0.003224598476663232, -0.002942484337836504, -0.0026603699661791325, -0.002378255594521761, -0.0020961412228643894, -0.0018140269676223397, -0.00153191271238029, -0.0012497983407229185, -0.000967683969065547, -0.0006855697138234973, -0.0004034554585814476, -0.00012134015560150146, 0.00016077415784820914, 0.00044288847129791975, 0.0007250027847476304, 0.001007117098197341, 0.0012892314698547125, 0.0015713457250967622, 0.0018534599803388119, 0.0021355743519961834, 0.002417688723653555, 0.0026998030953109264, 0.0029819172341376543, 0.003264031605795026, 0.0035461459774523973, 0.003828260116279125, 0.004110374487936497, 0.004392488859593868, 0.00467460323125124, 0.004956717602908611, 0.005238831974565983, 0.005520946346223354, 0.005803060717880726, 0.00608517462387681, 0.006367288995534182, 0.006649403367191553, 0.006931517738848925, 0.007213632110506296, 0.007495746482163668, 0.007777860388159752, 0.008059974759817123, 0.008342089131474495, 0.008624203503131866, 0.008906317874789238]}, "gradients/v.v_net.2.weight": {"_type": "histogram", "values": [4.0, 6.0, 16.0, 12.0, 32.0, 41.0, 50.0, 61.0, 87.0, 103.0, 150.0, 169.0, 171.0, 236.0, 284.0, 331.0, 345.0, 438.0, 519.0, 582.0, 668.0, 854.0, 981.0, 1127.0, 1398.0, 1606.0, 1860.0, 2302.0, 2904.0, 3870.0, 5344.0, 8970.0, 6577.0, 4318.0, 3234.0, 2494.0, 2042.0, 1741.0, 1427.0, 1243.0, 1061.0, 943.0, 783.0, 645.0, 560.0, 514.0, 405.0, 345.0, 338.0, 264.0, 220.0, 200.0, 164.0, 114.0, 89.0, 88.0, 60.0, 62.0, 23.0, 21.0, 15.0, 13.0, 3.0, 9.0], "bins": [-0.005229057744145393, -0.005064088851213455, -0.004899119958281517, -0.004734151065349579, -0.004569182172417641, -0.0044042132794857025, -0.004239244386553764, -0.004074275493621826, -0.003909306600689888, -0.00374433770775795, -0.0035793688148260117, -0.0034143999218940735, -0.0032494310289621353, -0.003084462136030197, -0.0029194934759289026, -0.0027545245829969645, -0.00258955592289567, -0.0024245870299637318, -0.0022596181370317936, -0.0020946492440998554, -0.001929680467583239, -0.001764711574651301, -0.0015997427981346846, -0.0014347739052027464, -0.0012698050122708082, -0.00110483611933887, -0.0009398672846145928, -0.0007748984498903155, -0.0006099295569583774, -0.0004449606640264392, -0.00027999188750982285, -0.00011502299457788467, 4.99458983540535e-05, 0.0002149147621821612, 0.0003798836260102689, 0.0005448524607345462, 0.0007098213536664844, 0.0008747902465984225, 0.0010397590231150389, 0.001204727916046977, 0.0013696968089789152, 0.0015346657019108534, 0.0016996345948427916, 0.001864603371359408, 0.0020295721478760242, 0.0021945410408079624, 0.0023595099337399006, 0.0025244788266718388, 0.002689447719603777, 0.002854416612535715, 0.0030193855054676533, 0.0031843543983995914, 0.0033493232913315296, 0.003514292184263468, 0.0036792608443647623, 0.0038442297372967005, 0.004009198397397995, 0.004174167290329933, 0.004339136183261871, 0.0045041050761938095, 0.004669073969125748, 0.004834042862057686, 0.004999011754989624, 0.005163980647921562, 0.0053289495408535]}, "gradients/v.v_net.0.bias": {"_type": "histogram", "values": [1.0, 2.0, 0.0, 0.0, 0.0, 0.0, 1.0, 0.0, 2.0, 1.0, 1.0, 4.0, 3.0, 3.0, 4.0, 4.0, 5.0, 11.0, 6.0, 10.0, 6.0, 11.0, 8.0, 3.0, 8.0, 6.0, 10.0, 7.0, 12.0, 8.0, 11.0, 14.0, 13.0, 18.0, 12.0, 17.0, 8.0, 6.0, 1.0, 3.0, 4.0, 1.0, 3.0, 0.0, 2.0, 1.0, 1.0, 1.0, 0.0, 0.0, 1.0, 0.0, 0.0, 0.0, 0.0, 0.0, 0.0, 0.0, 1.0, 0.0, 0.0, 0.0, 0.0, 1.0],