{"gradients/v.v_net.4.bias": {"_type": "histogram", "values": [0.0, 0.0, 0.0, 0.0, 0.0, 0.0, 0.0, 0.0, 0.0, 0.0, 0.0, 0.0, 0.0, 0.0, 0.0, 0.0, 0.0, 0.0, 0.0, 0.0, 0.0, 0.0, 0.0, 0.0, 0.0, 0.0, 0.0, 0.0, 0.0, 0.0, 0.0, 0.0, 1.0, 0.0, 0.0, 0.0, 0.0, 0.0, 0.0, 0.0, 0.0, 0.0, 0.0, 0.0, 0.0, 0.0, 0.0, 0.0, 0.0, 0.0, 0.0, 0.0, 0.0, 0.0, 0.0, 0.0, 0.0, 0.0, 0.0, 0.0, 0.0, 0.0, 0.0, 0.0], "bins": [-0.06803777068853378, -0.06803777068853378, -0.06803777068853378, -0.06803777068853378, -0.06803777068853378, -0.06803777068853378, -0.06803777068853378, -0.06803777068853378, -0.06803777068853378, -0.06803777068853378, -0.06803777068853378, -0.06803777068853378, -0.06803777068853378, -0.06803777068853378, -0.06803777068853378, -0.06803777068853378, -0.06803777068853378, -0.06803777068853378, -0.06803777068853378, -0.06803777068853378, -0.06803777068853378, -0.06803777068853378, -0.06803777068853378, -0.06803777068853378, -0.06803777068853378, -0.06803777068853378, -0.06803777068853378, -0.06803777068853378, -0.06803777068853378, -0.06803777068853378, -0.06803777068853378, -0.06803777068853378, -0.06803777068853378, -0.06803777068853378, -0.06803777068853378, -0.06803777068853378, -0.06803777068853378, -0.06803777068853378, -0.06803777068853378, -0.06803777068853378, -0.06803777068853378, -0.06803777068853378, -0.06803777068853378, -0.06803777068853378, -0.06803777068853378, -0.06803777068853378, -0.06803777068853378, -0.06803777068853378, -0.06803777068853378, -0.06803777068853378, -0.06803777068853378, -0.06803777068853378, -0.06803777068853378, -0.06803777068853378, -0.06803777068853378, -0.06803777068853378, -0.06803777068853378, -0.06803777068853378, -0.06803777068853378, -0.06803777068853378, -0.06803777068853378, -0.06803777068853378, -0.06803777068853378, -0.06803777068853378, -0.06803777068853378]}, "_timestamp": 1651123057, "_runtime": 112, "gradients/v.v_net.4.weight": {"_type": "histogram", "values": [1.0, 1.0, 0.0, 0.0, 1.0, 0.0, 1.0, 0.0, 0.0, 1.0, 1.0, 2.0, 1.0, 2.0, 4.0, 3.0, 3.0, 3.0, 4.0, 1.0, 5.0, 9.0, 10.0, 5.0, 4.0, 5.0, 11.0, 8.0, 10.0, 7.0, 9.0, 5.0, 7.0, 9.0, 12.0, 8.0, 8.0, 10.0, 6.0, 7.0, 8.0, 4.0, 6.0, 11.0, 7.0, 6.0, 6.0, 4.0, 3.0, 3.0, 2.0, 4.0, 3.0, 0.0, 0.0, 2.0, 1.0, 1.0, 0.0, 0.0, 0.0, 0.0, 0.0, 1.0], "bins": [-0.028663652017712593, -0.027805237099528313, -0.026946822181344032, -0.026088407263159752, -0.02522999420762062, -0.02437157928943634, -0.02351316437125206, -0.02265474945306778, -0.0217963345348835, -0.02093791961669922, -0.02007950469851494, -0.019221089780330658, -0.018362674862146378, -0.017504259943962097, -0.016645846888422966, -0.015787431970238686, -0.014929017052054405, -0.014070602133870125, -0.013212187215685844, -0.012353773228824139, -0.011495358310639858, -0.010636943392455578, -0.009778529405593872, -0.008920114487409592, -0.008061699569225311, -0.007203284651041031, -0.006344870198518038, -0.005486455745995045, -0.004628040827810764, -0.003769625909626484, -0.002911211457103491, -0.0020527970045804977, -0.0011943839490413666, -0.00033596926368772984, 0.0005224454216659069, 0.0013808601070195436, 0.0022392747923731804, 0.003097689710557461, 0.003956104163080454, 0.004814518615603447, 0.005672933533787727, 0.006531348451972008, 0.007389762904495001, 0.008248177357017994, 0.009106592275202274, 0.009965007193386555, 0.01082342118024826, 0.011681836098432541, 0.012540251016616821, 0.013398665934801102, 0.014257080852985382, 0.015115494839847088, 0.015973910689353943, 0.016832325607538223, 0.017690738663077354, 0.018549153581261635, 0.019407568499445915, 0.020265983417630196, 0.021124398335814476, 0.021982813253998756, 0.022841226309537888, 0.023699641227722168, 0.02455805614590645, 0.02541647106409073, 0.02627488598227501]}, "gradients/v.v_net.2.bias": {"_type": "histogram", "values": [1.0, 0.0, 0.0, 2.0, 4.0, 0.0, 5.0, 3.0, 0.0, 7.0, 2.0, 4.0, 4.0, 6.0, 3.0, 6.0, 3.0, 1.0, 8.0, 5.0, 3.0, 3.0, 5.0, 3.0, 4.0, 7.0, 4.0, 5.0, 8.0, 10.0, 3.0, 1.0, 8.0, 8.0, 8.0, 4.0, 2.0, 4.0, 3.0, 4.0, 2.0, 4.0, 6.0, 4.0, 3.0, 5.0, 2.0, 0.0, 7.0, 7.0, 6.0, 5.0, 1.0, 11.0, 6.0, 5.0, 5.0, 3.0, 5.0, 2.0, 3.0, 2.0, 0.0, 1.0], "bins": [-0.004347052425146103, -0.004209789447486401, -0.004072526469826698, -0.003935263492166996, -0.0037980005145072937, -0.0036607375368475914, -0.003523474559187889, -0.003386211581528187, -0.0032489486038684845, -0.003111685626208782, -0.00297442264854908, -0.0028371596708893776, -0.0026998966932296753, -0.002562633715569973, -0.0024253707379102707, -0.0022881077602505684, -0.0021508445497602224, -0.00201358157210052, -0.0018763185944408178, -0.0017390556167811155, -0.0016017926391214132, -0.001464529661461711, -0.0013272665673866868, -0.0011900035897269845, -0.0010527406120672822, -0.0009154776344075799, -0.0007782146567478776, -0.0006409516208805144, -0.0005036886432208121, -0.0003664256655611098, -0.00022916262969374657, -9.189965203404427e-05, 4.5363325625658035e-05, 0.00018262631783727556, 0.0003198893100488931, 0.00045715231681242585, 0.0005944152944721282, 0.0007316782721318305, 0.0008689413079991937, 0.001006204285658896, 0.0011434672633185983, 0.0012807302409783006, 0.0014179932186380029, 0.001555256312713027, 0.0016925192903727293, 0.0018297822680324316, 0.001967045245692134, 0.002104308223351836, 0.0022415712010115385, 0.002378834178671241, 0.002516097156330943, 0.0026533601339906454, 0.0027906231116503477, 0.00292788608931005, 0.003065149299800396, 0.0032024122774600983, 0.0033396752551198006, 0.003476938232779503, 0.003614201210439205, 0.0037514641880989075, 0.0038887271657586098, 0.004025990143418312, 0.004163253121078014, 0.004300516098737717, 0.004437779076397419]}, "gradients/v.v_net.2.weight": {"_type": "histogram", "values": [1.0, 2.0, 4.0, 3.0, 8.0, 10.0, 16.0, 23.0, 28.0, 35.0, 35.0, 48.0, 47.0, 62.0, 74.0, 74.0, 123.0, 132.0, 193.0, 255.0, 330.0, 460.0, 597.0, 790.0, 1007.0, 1244.0, 1634.0, 1965.0, 2768.0, 3478.0, 4925.0, 8564.0, 12168.0, 6401.0, 4348.0, 3189.0, 2503.0, 1858.0, 1421.0, 1072.0, 879.0, 666.0, 468.0, 407.0, 323.0, 205.0, 156.0, 133.0, 91.0, 84.0, 50.0, 48.0, 21.0, 26.0, 22.0, 15.0, 16.0, 12.0, 7.0, 7.0, 2.0, 2.0, 0.0, 1.0], "bins": [-0.0031094979494810104, -0.003013181034475565, -0.0029168641194701195, -0.002820547204464674, -0.0027242302894592285, -0.0026279136072844267, -0.002531596692278981, -0.0024352797772735357, -0.0023389628622680902, -0.0022426459472626448, -0.0021463290322571993, -0.002050012117251754, -0.001953695435076952, -0.0018573784036561847, -0.001761061605066061, -0.0016647446900606155, -0.00156842777505517, -0.0014721108600497246, -0.001375793945044279, -0.0012794771464541554, -0.00118316023144871, -0.0010868433164432645, -0.0009905265178531408, -0.0008942096028476954, -0.0007978926878422499, -0.0007015757728368044, -0.0006052589160390198, -0.0005089420592412353, -0.0004126251442357898, -0.00031630825833417475, -0.00021999137243255973, -0.00012367451563477516, -2.735760062932968e-05, 6.895928527228534e-05, 0.00016527617117390037, 0.0002615930570755154, 0.0003579099429771304, 0.00045422682887874544, 0.0005505437147803605, 0.000646860571578145, 0.0007431774865835905, 0.000839494401589036, 0.0009358112583868206, 0.0010321281151846051, 0.0011284450301900506, 0.001224761945195496, 0.0013210787437856197, 0.0014173956587910652, 0.0015137125737965107, 0.0016100294888019562, 0.0017063464038074017, 0.0018026632023975253, 0.0018989801174029708, 0.0019952969159930944, 0.00209161383099854, 0.0021879307460039854, 0.002284247661009431, 0.0023805645760148764, 0.002476881491020322, 0.0025731984060257673, 0.002669515088200569, 0.0027658320032060146, 0.00286214891821146, 0.0029584658332169056, 0.003054782748222351]}, "gradients/v.v_net.0.bias": {"_type": "histogram",